{"count":1,"self":13.2882616,"total":327.12001879999997,"children":{"InitializeActuators":{"count":1,"self":0.0039997,"total":0.0039997,"children":null},"InitializeSensors":{"count":1,"self":0.0040065,"total":0.0040065,"children":null},"AgentSendState":{"count":10567,"self":0.3279804,"total":1.3222888,"children":{"CollectObservations":{"count":10567,"self":0.10511559999999999,"total":0.10511559999999999,"children":null},"WriteActionMask":{"count":10567,"self":0.0499917,"total":0.0499917,"children":null},"RequestDecision":{"count":10567,"self":0.19677309999999998,"total":0.83920109999999992,"children":{"AgentInfo.ToProto":{"count":10567,"self":0.20078279999999998,"total":0.642428,"children":{"GenerateSensorData":{"count":10567,"self":0.44164519999999996,"total":0.44164519999999996,"children":null}}}}}}},"DecideAction":{"count":10567,"self":66.5867136,"total":66.586710799999992,"children":null},"AgentAct":{"count":10567,"self":245.4839552,"total":245.91375109999998,"children":{"AgentInfo.ToProto":{"count":6729,"self":0.12595979999999998,"total":0.42979439999999997,"children":{"GenerateSensorData":{"count":6729,"self":0.3038346,"total":0.3038346,"children":null}}}}}},"gauges":{"ObservatoryBehaviour.CumulativeReward":{"count":6729,"max":0.03018868,"min":0,"runningAverage":1.88901922E-05,"value":0,"weightedAverage":0.000149273546}},"metadata":{"timer_format_version":"0.1.0","start_time_seconds":"1673122423","unity_version":"2020.3.18f1","command_line_arguments":"C:\\Program Files\\Unity\\Hub\\Editor\\2020.3.18f1\\Editor\\Unity.exe -projectpath D:\/SolarSystemGit\/Unity -useHub -hubIPC -cloudEnvironment production -hubSessionId 00ea8aa0-8e67-11ed-9519-5f212e9833f8 -accessToken ajyo1cr8SBxMB6l3XppeKrNkXBHTJBUn_iR87VnUDnY007f","communication_protocol_version":"1.5.0","com.unity.ml-agents_version":"2.0.1","scene_name":"SampleScene","end_time_seconds":"1673122750"}}